P0,Mr. Anthony Wheeler,lori20@hotmail.com
P1,Shawn Mcclain,greenlauren@yahoo.com
P2,John Dickerson,gonzalezjoanna@gmail.com
P3,Joshua Harmon,gjames@hotmail.com
P4,Alicia Jones,sarah34@gmail.com
P5,Jackie Powers,vangtodd@yahoo.com
P6,Michael Porter,pricejames@yahoo.com
P7,Tyrone Bowers,dcortez@yahoo.com
P8,Deborah Zimmerman,mthompson@gmail.com
P9,Nicole Murray,lynchmichelle@hotmail.com
P10,Karen Collins,wcarr@hotmail.com
P11,Jesse Casey,lisa64@hotmail.com
P12,Nicholas Adams,wrightmegan@hotmail.com
P13,Melissa Rhodes,riosdonald@gmail.com
P14,Thomas Roman,tyler67@gmail.com
P15,Jessica Johnson,rstokes@gmail.com
P16,Denise Shaw,rick09@yahoo.com
P17,Christine Fleming,jonesshelia@gmail.com
P18,Jillian Richmond,mbarnett@gmail.com
P19,Ronald Carney,kelleyjohn@yahoo.com
P20,Megan Roberts,markgriffin@gmail.com
P21,Erik Gilbert,claytontammy@hotmail.com
P22,Melissa Sanchez,aliciawallace@hotmail.com
P23,Brendan Moran,nmiller@yahoo.com
P24,John Bell,awatts@gmail.com
P25,Pamela Gilmore,amanda51@gmail.com
P26,Taylor Miller,kblankenship@hotmail.com
P27,Christopher Rose,marcussmith@gmail.com
P28,Joseph Garcia,willisrobin@yahoo.com
P29,Lisa Williams,phillipsjared@gmail.com
P30,Robert Terry,raymondkelly@hotmail.com
P31,Lisa Olson,andersonsavannah@yahoo.com
P32,Jennifer White,curtis48@hotmail.com
P33,Mark Sandoval,aallen@hotmail.com
P34,Faith Williams,gjackson@gmail.com
P35,Kaitlyn Lang,erin21@gmail.com
P36,Joseph Long,kaufmanalexis@hotmail.com
P37,William Smith,belindabrown@hotmail.com
P38,Cathy Price,david36@hotmail.com
P39,Daniel Stone,cindy91@hotmail.com
P40,Matthew Barrera,william53@yahoo.com
P41,Robert Rodriguez PhD,millerkathy@yahoo.com
P42,Tara Collins,zgarza@hotmail.com
P43,Beth Garcia,asmith@hotmail.com
P44,Cindy Russell,barnettjose@hotmail.com
P45,John Johnson,robin41@gmail.com
P46,Charles Brown,natalie79@yahoo.com
P47,April Jenkins,haydenkeith@gmail.com
P48,Elijah Rasmussen DDS,lisacook@hotmail.com
P49,Robert Brewer,amanda79@yahoo.com
P50,Benjamin Spencer,melissa32@hotmail.com
P51,Michele Edwards,matthewschwartz@yahoo.com
P52,Mark Mills,terryroberto@yahoo.com
P53,Ashley Alexander,benjaminsampson@gmail.com
P54,Andrew Palmer,shermaneric@hotmail.com
P55,Haley Garner MD,stephanie21@gmail.com
P56,Daniel Estes,vazquezbonnie@hotmail.com
P57,Rachel Marshall,lozanoamy@gmail.com
P58,Paula Rodriguez,harperdeborah@yahoo.com
P59,Ashley Reyes,allenjohnson@gmail.com
P60,Ricky Walker,jordanrichard@gmail.com
P61,Sharon Ward,morgan16@yahoo.com
P62,Kristin Martin,brucedavis@yahoo.com
P63,Robin Bryant,ygarrett@yahoo.com
P64,Carol Herrera,melanie71@yahoo.com
P65,Cameron May,joshua57@yahoo.com
P66,Sheri Buck,oconnellchristopher@hotmail.com
P67,Sarah Smith,christina98@gmail.com
P68,Stephen Sanders,smithjoshua@gmail.com
P69,Joshua Dillon,denisemcclure@hotmail.com
P70,Emily Lang,johnsonhaley@gmail.com
P71,Mark Charles,landerson@hotmail.com
P72,Stephen Butler,xparsons@gmail.com
P73,Kathleen Hubbard,baxterkevin@yahoo.com
P74,Jason Reed,warrenbrittany@yahoo.com
P75,Christopher Vaughn,rcook@gmail.com
P76,Adam Mills,monicawells@yahoo.com
P77,Brett Long,mariayoung@hotmail.com
P78,Anthony Flynn,theresarobinson@gmail.com
P79,Edward Wilson,kelsey06@gmail.com
P80,Jeffrey Yates,jonesjames@hotmail.com
P81,Christina Williams,frankhayes@hotmail.com
P82,Jennifer Rodriguez,escobarbradley@hotmail.com
P83,Kathy Martinez,marymorgan@hotmail.com
P84,Stephanie Martin,mclaughlinnicole@hotmail.com
P85,Frank Jones,elizabethdecker@gmail.com
P86,Beth Brown,hawkinshunter@hotmail.com
P87,Kathleen Jackson,emily40@yahoo.com
P88,Tammy Perkins,wardgabriel@gmail.com
P89,Trevor Morris,ycooper@yahoo.com
P90,Kimberly Bautista,kylemartin@yahoo.com
P91,Michael Barnes,travis15@yahoo.com
P92,Katherine Hernandez,ryanriley@hotmail.com
P93,Betty Smith,johnwest@hotmail.com
P94,Mr. George Rodriguez,michele17@gmail.com
P95,Brian Johnson,patrick25@hotmail.com
P96,Allison Brown,rachel74@hotmail.com
P97,Mr. Cole Cook MD,michael23@yahoo.com
P98,Nancy Bowman,romerojoshua@yahoo.com
P99,Elizabeth Sullivan,rebecca09@gmail.com
